{"mean":{"confidence_interval":{"confidence_level":0.95,"lower_bound":2104048351.9950001,"upper_bound":2148474943.9},"point_estimate":2125700158.3,"standard_error":11434084.067336686},"median":{"confidence_interval":{"confidence_level":0.95,"lower_bound":2089203718.0,"upper_bound":2162709810.0},"point_estimate":2118617944.5,"standard_error":21966355.4438781},"median_abs_dev":{"confidence_interval":{"confidence_level":0.95,"lower_bound":2286471.6098070145,"upper_bound":62708387.26080358},"point_estimate":44752767.23957956,"standard_error":17690240.91510295},"slope":null,"std_dev":{"confidence_interval":{"confidence_level":0.95,"lower_bound":23865289.518640243,"upper_bound":44829863.59780603},"point_estimate":38164936.56351505,"standard_error":5366549.147366867}}