{"mean":{"confidence_interval":{"confidence_level":0.95,"lower_bound":2040529762.4,"upper_bound":2072504366.6100001},"point_estimate":2054585322.6,"standard_error":8121844.482450282},"median":{"confidence_interval":{"confidence_level":0.95,"lower_bound":2036154029.0,"upper_bound":2074561806.5},"point_estimate":2046348588.5,"standard_error":7076230.814269612},"median_abs_dev":{"confidence_interval":{"confidence_level":0.95,"lower_bound":1127535.071182251,"upper_bound":40133718.12598407},"point_estimate":9501452.4605155,"standard_error":8330660.298964441},"slope":null,"std_dev":{"confidence_interval":{"confidence_level":0.95,"lower_bound":5819272.957959587,"upper_bound":34365790.249644294},"point_estimate":27176354.927959763,"standard_error":7699890.0734535465}}