{"mean":{"confidence_interval":{"confidence_level":0.95,"lower_bound":0.19479751323622893,"upper_bound":0.24623179936692807},"point_estimate":0.22145253018646782,"standard_error":0.013322370948115433},"median":{"confidence_interval":{"confidence_level":0.95,"lower_bound":0.17512117890392176,"upper_bound":0.23923503132978752},"point_estimate":0.21866324543222104,"standard_error":0.015200958757215912}}