{"mean":{"confidence_interval":{"confidence_level":0.95,"lower_bound":670487282.9,"upper_bound":687408111.51},"point_estimate":678347830.0,"standard_error":4366171.724632566},"median":{"confidence_interval":{"confidence_level":0.95,"lower_bound":667271226.0,"upper_bound":695467233.0},"point_estimate":671298046.5,"standard_error":6818992.754141099},"median_abs_dev":{"confidence_interval":{"confidence_level":0.95,"lower_bound":930012.7244889736,"upper_bound":23099766.75659716},"point_estimate":6266670.618644357,"standard_error":5609512.584304084},"slope":null,"std_dev":{"confidence_interval":{"confidence_level":0.95,"lower_bound":3404638.0967915636,"upper_bound":17167396.959853254},"point_estimate":14562260.111314138,"standard_error":2832304.5304216864}}