{"mean":{"confidence_interval":{"confidence_level":0.95,"lower_bound":0.23134088599815378,"upper_bound":0.26828179146399733},"point_estimate":0.24974244742042973,"standard_error":0.009659691398573566},"median":{"confidence_interval":{"confidence_level":0.95,"lower_bound":0.2288411729773716,"upper_bound":0.27901391670898223},"point_estimate":0.235557538190035,"standard_error":0.016261620889639655}}