{"mean":{"confidence_interval":{"confidence_level":0.95,"lower_bound":-0.0338892173142058,"upper_bound":-0.001621607673853342},"point_estimate":-0.014142625645567009,"standard_error":0.009029380383451026},"median":{"confidence_interval":{"confidence_level":0.95,"lower_bound":-0.013303972449105195,"upper_bound":0.00036611708779910046},"point_estimate":-0.002194841477672127,"standard_error":0.003751099180982475}}