{"mean":{"confidence_interval":{"confidence_level":0.95,"lower_bound":3673042517.665,"upper_bound":3867788750.39},"point_estimate":3769786024.1,"standard_error":49841109.88945311},"median":{"confidence_interval":{"confidence_level":0.95,"lower_bound":3618608860.0,"upper_bound":3926250786.0},"point_estimate":3772453190.5,"standard_error":114063759.70095573},"median_abs_dev":{"confidence_interval":{"confidence_level":0.95,"lower_bound":16087388.381391764,"upper_bound":255107701.66623294},"point_estimate":221238906.17352426,"standard_error":71194447.53595775},"slope":null,"std_dev":{"confidence_interval":{"confidence_level":0.95,"lower_bound":118561137.27072963,"upper_bound":184078013.25469372},"point_estimate":166990367.27309063,"standard_error":17000468.212068535}}