{"mean":{"confidence_interval":{"confidence_level":0.95,"lower_bound":540801290.4,"upper_bound":545575380.595},"point_estimate":543161267.7,"standard_error":1223713.6393400684},"median":{"confidence_interval":{"confidence_level":0.95,"lower_bound":539346887.0,"upper_bound":546974877.0},"point_estimate":542491477.0,"standard_error":2393391.121459168},"median_abs_dev":{"confidence_interval":{"confidence_level":0.95,"lower_bound":1064216.1915063858,"upper_bound":6408132.895132899},"point_estimate":5199235.702595115,"standard_error":1545542.8713502437},"slope":null,"std_dev":{"confidence_interval":{"confidence_level":0.95,"lower_bound":2705264.7273377976,"upper_bound":4692565.347597108},"point_estimate":4067050.665769294,"standard_error":507399.36200590484}}