{"mean":{"confidence_interval":{"confidence_level":0.95,"lower_bound":0.025650749101642223,"upper_bound":0.049520877469861724},"point_estimate":0.038044791012696866,"standard_error":0.006111300132626333},"median":{"confidence_interval":{"confidence_level":0.95,"lower_bound":0.014125082862219474,"upper_bound":0.059360452890193205},"point_estimate":0.04066006200441419,"standard_error":0.01035951022984875}}