{"mean":{"confidence_interval":{"confidence_level":0.95,"lower_bound":0.008300861714083401,"upper_bound":0.029124684369370213},"point_estimate":0.017393255352809334,"standard_error":0.005421128912969423},"median":{"confidence_interval":{"confidence_level":0.95,"lower_bound":0.003144714674436777,"upper_bound":0.03944746316114944},"point_estimate":0.010646740235381147,"standard_error":0.008663377633450806}}