{"mean":{"confidence_interval":{"confidence_level":0.95,"lower_bound":0.5924304064922199,"upper_bound":0.6757321685820408},"point_estimate":0.6356923737551743,"standard_error":0.021909767705884348},"median":{"confidence_interval":{"confidence_level":0.95,"lower_bound":0.569573397423446,"upper_bound":0.7035438156991218},"point_estimate":0.6371162104975168,"standard_error":0.05106440171193499}}