{"mean":{"confidence_interval":{"confidence_level":0.95,"lower_bound":3552725523.5,"upper_bound":3563575243.085},"point_estimate":3558277115.8,"standard_error":2781137.0516886488},"median":{"confidence_interval":{"confidence_level":0.95,"lower_bound":3548008873.0,"upper_bound":3566243929.5},"point_estimate":3558862976.5,"standard_error":4456179.739960477},"median_abs_dev":{"confidence_interval":{"confidence_level":0.95,"lower_bound":2390696.9053566456,"upper_bound":15615913.435462117},"point_estimate":12588672.609606385,"standard_error":3672077.7230867683},"slope":null,"std_dev":{"confidence_interval":{"confidence_level":0.95,"lower_bound":5447111.449197961,"upper_bound":11089076.32984482},"point_estimate":9297866.906589808,"standard_error":1399751.469083055}}