{"mean":{"confidence_interval":{"confidence_level":0.95,"lower_bound":773699915.2,"upper_bound":785612954.2625},"point_estimate":779794781.6,"standard_error":3055343.2114731846},"median":{"confidence_interval":{"confidence_level":0.95,"lower_bound":770646277.5,"upper_bound":789049993.0},"point_estimate":780731119.0,"standard_error":4731971.97259276},"median_abs_dev":{"confidence_interval":{"confidence_level":0.95,"lower_bound":3128398.622059822,"upper_bound":17764676.711913943},"point_estimate":10999045.9677279,"standard_error":3812491.703652412},"slope":null,"std_dev":{"confidence_interval":{"confidence_level":0.95,"lower_bound":5959484.545653214,"upper_bound":12394674.749657463},"point_estimate":10217406.854495106,"standard_error":1622507.359068242}}