{"mean":{"confidence_interval":{"confidence_level":0.95,"lower_bound":814852310.2,"upper_bound":845335209.4},"point_estimate":828569673.3,"standard_error":7838729.767140527},"median":{"confidence_interval":{"confidence_level":0.95,"lower_bound":811097108.0,"upper_bound":845368052.0},"point_estimate":818086256.0,"standard_error":8015098.299464877},"median_abs_dev":{"confidence_interval":{"confidence_level":0.95,"lower_bound":2089390.3366059065,"upper_bound":36902156.49125576},"point_estimate":11721267.858105898,"standard_error":8512382.547746189},"slope":null,"std_dev":{"confidence_interval":{"confidence_level":0.95,"lower_bound":6214037.570320236,"upper_bound":33842127.16573932},"point_estimate":26225361.860857222,"standard_error":7166515.1912633125}}