{"mean":{"confidence_interval":{"confidence_level":0.95,"lower_bound":3550226168.74,"upper_bound":3556813205.37},"point_estimate":3553479619.8,"standard_error":1686625.4306030457},"median":{"confidence_interval":{"confidence_level":0.95,"lower_bound":3549543494.0,"upper_bound":3558654137.0},"point_estimate":3552081546.5,"standard_error":2553333.5744012715},"median_abs_dev":{"confidence_interval":{"confidence_level":0.95,"lower_bound":1128707.066461444,"upper_bound":9717368.68378222},"point_estimate":5750438.944709301,"standard_error":2278479.6834823117},"slope":null,"std_dev":{"confidence_interval":{"confidence_level":0.95,"lower_bound":3375872.8524627755,"upper_bound":6902158.657146167},"point_estimate":5606977.674215045,"standard_error":901768.1964722502}}