{"mean":{"confidence_interval":{"confidence_level":0.95,"lower_bound":4382787959.5225,"upper_bound":4514221139.99},"point_estimate":4446929951.3,"standard_error":33648413.43148319},"median":{"confidence_interval":{"confidence_level":0.95,"lower_bound":4376331652.5,"upper_bound":4550079723.0},"point_estimate":4397179978.0,"standard_error":56981392.308501184},"median_abs_dev":{"confidence_interval":{"confidence_level":0.95,"lower_bound":8332865.678662062,"upper_bound":178204029.00604606},"point_estimate":108348614.38172758,"standard_error":54778293.61603672},"slope":null,"std_dev":{"confidence_interval":{"confidence_level":0.95,"lower_bound":66552150.507416345,"upper_bound":139260457.35492644},"point_estimate":112332757.22514306,"standard_error":18977911.86890282}}