{"mean":{"confidence_interval":{"confidence_level":0.95,"lower_bound":2013503478.7175,"upper_bound":2117518243.1125},"point_estimate":2065034043.2,"standard_error":26631281.463510536},"median":{"confidence_interval":{"confidence_level":0.95,"lower_bound":1988360752.0,"upper_bound":2152317172.0},"point_estimate":2055490687.5,"standard_error":54952105.22948589},"median_abs_dev":{"confidence_interval":{"confidence_level":0.95,"lower_bound":15368605.381652713,"upper_bound":135099157.5525105},"point_estimate":110770244.99423504,"standard_error":34879886.78987704},"slope":null,"std_dev":{"confidence_interval":{"confidence_level":0.95,"lower_bound":60303801.44399285,"upper_bound":101633915.51001911},"point_estimate":88836045.75938584,"standard_error":10544852.244065778}}