{"mean":{"confidence_interval":{"confidence_level":0.95,"lower_bound":0.021468377249381936,"upper_bound":0.04807587299749857},"point_estimate":0.03461274395263714,"standard_error":0.0068584909591707065},"median":{"confidence_interval":{"confidence_level":0.95,"lower_bound":0.02018627902631409,"upper_bound":0.05738762909808881},"point_estimate":0.035316248857177435,"standard_error":0.011389453520048833}}