{"mean":{"confidence_interval":{"confidence_level":0.95,"lower_bound":-0.01016838458606315,"upper_bound":0.011812697318520643},"point_estimate":0.001795169865418167,"standard_error":0.005680087749978866},"median":{"confidence_interval":{"confidence_level":0.95,"lower_bound":-0.011892556603521509,"upper_bound":0.015055969241026555},"point_estimate":0.007953933672306901,"standard_error":0.005234355053630906}}