{"mean":{"confidence_interval":{"confidence_level":0.95,"lower_bound":-0.016497778976550415,"upper_bound":0.006897597097325516},"point_estimate":-0.004802409542076003,"standard_error":0.005962177553288643},"median":{"confidence_interval":{"confidence_level":0.95,"lower_bound":-0.023432122592693116,"upper_bound":0.018134211863013894},"point_estimate":-0.010336488984022285,"standard_error":0.011179636825471902}}