{"mean":{"confidence_interval":{"confidence_level":0.95,"lower_bound":0.22863441366692128,"upper_bound":0.24144015051532083},"point_estimate":0.23555335478386952,"standard_error":0.0031340741583207616},"median":{"confidence_interval":{"confidence_level":0.95,"lower_bound":0.2292632524085363,"upper_bound":0.23906848135906578},"point_estimate":0.23549485436904782,"standard_error":0.0025901609749126083}}