{"mean":{"confidence_interval":{"confidence_level":0.95,"lower_bound":0.4731565745316497,"upper_bound":0.5441236413285792},"point_estimate":0.5098238900155123,"standard_error":0.018602916835212664},"median":{"confidence_interval":{"confidence_level":0.95,"lower_bound":0.45304886674094313,"upper_bound":0.5755725054923033},"point_estimate":0.5039430580418784,"standard_error":0.039004171063503186}}