{"mean":{"confidence_interval":{"confidence_level":0.95,"lower_bound":1364126499.7,"upper_bound":1372000006.705},"point_estimate":1367731731.4,"standard_error":2012439.6271970265},"median":{"confidence_interval":{"confidence_level":0.95,"lower_bound":1361839219.0,"upper_bound":1371115415.0},"point_estimate":1366734383.0,"standard_error":2765694.076349636},"median_abs_dev":{"confidence_interval":{"confidence_level":0.95,"lower_bound":566642.2969400883,"upper_bound":11505574.024835229},"point_estimate":6558286.172667146,"standard_error":2545927.8901774837},"slope":null,"std_dev":{"confidence_interval":{"confidence_level":0.95,"lower_bound":3266396.3482620474,"upper_bound":9227470.943349022},"point_estimate":6715340.340513638,"standard_error":1743797.2178992333}}