{"mean":{"confidence_interval":{"confidence_level":0.95,"lower_bound":4367424858.155,"upper_bound":4415338341.6475},"point_estimate":4390513665.4,"standard_error":12201410.13148478},"median":{"confidence_interval":{"confidence_level":0.95,"lower_bound":4370591366.5,"upper_bound":4408947353.5},"point_estimate":4388578473.0,"standard_error":9662024.97603745},"median_abs_dev":{"confidence_interval":{"confidence_level":0.95,"lower_bound":6486128.773248196,"upper_bound":64853902.16071308},"point_estimate":21840931.890445948,"standard_error":14059498.731311446},"slope":null,"std_dev":{"confidence_interval":{"confidence_level":0.95,"lower_bound":14077030.435957916,"upper_bound":57121872.24299795},"point_estimate":40836224.32057869,"standard_error":11084402.154771395}}