{"mean":{"confidence_interval":{"confidence_level":0.95,"lower_bound":2136635423.79,"upper_bound":2166362990.7},"point_estimate":2150943512.9,"standard_error":7655017.884594678},"median":{"confidence_interval":{"confidence_level":0.95,"lower_bound":2130063275.0,"upper_bound":2174302857.5},"point_estimate":2140786448.5,"standard_error":14759184.128493378},"median_abs_dev":{"confidence_interval":{"confidence_level":0.95,"lower_bound":1010059.0383678675,"upper_bound":39338906.6582948},"point_estimate":23132030.355924368,"standard_error":10100000.54586612},"slope":null,"std_dev":{"confidence_interval":{"confidence_level":0.95,"lower_bound":15066058.407164933,"upper_bound":30410729.931609187},"point_estimate":25522318.51571571,"standard_error":3821630.6072524325}}