{"mean":{"confidence_interval":{"confidence_level":0.95,"lower_bound":716708889.2674999,"upper_bound":722267776.1175001},"point_estimate":719252088.5,"standard_error":1432398.9858750717},"median":{"confidence_interval":{"confidence_level":0.95,"lower_bound":715857343.5,"upper_bound":721631272.0},"point_estimate":718091493.0,"standard_error":1331797.526475069},"median_abs_dev":{"confidence_interval":{"confidence_level":0.95,"lower_bound":523096.1118131876,"upper_bound":7373515.265893936},"point_estimate":3465071.1305826902,"standard_error":1804831.5713485181},"slope":null,"std_dev":{"confidence_interval":{"confidence_level":0.95,"lower_bound":1846126.041153304,"upper_bound":6420107.165079798},"point_estimate":4758356.68091529,"standard_error":1236274.9278786718}}